Name (Rana Fig 1),Number,RESN,O selection,H selection ,Nearby Water ,H1 Map ,H2 Map,O map ,
CP43-T335,335,THR,OG1,HG1/HG21/HG22/HG23,51,"HG1, HG21",HG22/HG23,OG1
D1-R334,334,ARG,NH1/NH2,HH11/HH12/HH21/HH22,41,HH11/HH21,HH12/HH22,NH1/NH2,
D1-E65,65,GLU,OE1/OE2,N/A,42,N/A,N/A,OE1/OE2,
D1-P340,340,PRO,O,N/A,36,N/A,N/A,O,
D1-D61,61,ASP,OD1/OD2/O,HB1/HB2,20,HB1,HB2,OD1/OD2/O,
D1-N181,181,ASN,ND2/OD1/O,HD21/HD22,22,HD21,HD22,ND2/OD1,
D1-G171,171,GLY,O,N/A,62,N/A,N/A,O,
D1-S169,169,SER,O/OG,HG/HB1/HB2,W1,HG/HB1,HB2,O/OG,
D2-E312,312,GLU,OE1/OE2,HG1/HG2,66,HG1,HG2,OE1/OE2
D2-K317,317,LYS,NZ,HZ1/HZ2/HZ3,41,HZ1,HZ2/HZ3,NZ,
D2-N350,350,ASN,ND2/OD1/O,HD21/HD22,72,HD21,HD22,ND2/OD1,
D1-N338,338,ASN,OD1/ND2/O,HD21/HD22,52,HD21,HD22,ND2/OD1,
PsbO-N155,155,ASN,OD1/ND2/O,HD21/HD22,72,HD21,HD22,ND2/OD1,
D1-N335,335,ASN,O/N,N/A,52,N/A,N/A,O/N,
?-P334,334,PRO,HG1/HG2/HD1/HD2,51,HG1/ HD1,HG2/HD2,
?-?337,337,LEU,O,N/A,51,N/A,N/A,O,*non charged residue so maybe not useful
?-?339,339,LYS,HZ1/HZ2/HZ3,74,HZ1,HZ2/HZ3,
?-?96,96,ASP,OD1/OD2,N/A,73,N/A,N/A,OD1/OD2,
?-?333,333,GLY,HA1/HA2,51,HA1,HA2,